{
    "loss": 0.30209290360411006,
    "metric": 0.7196895728508631,
    "accuracy": 0.9945153892040253,
    "precision": 0.6675259272257487,
    "recall": 0.8001875579357147,
    "optimizer": "Adam",
    "cnn_depth": 4,
    "first_channel": 32,
    "batch_norm": true,
    "drop_out": true,
    "amsgrad": false,
    "lr": 0.001,
    "moment": [
        0.9,
        0.999
    ],
    "w_decay": 0
}